{"cameraMode":{"drawMode":0,"name":"Shaded","section":"Shading Mode"},"sceneLighting":true,"audioPlay":false,"sceneViewState":{"showFog":true,"showMaterialUpdate":false,"showSkybox":true,"showFlares":true,"showImageEffects":true,"showParticleSystems":true},"in2DMode":false,"pivot":{"x":-1.6568703651428223,"y":1.7954521179199219,"z":-0.8263139724731445},"rotation":{"x":-0.05234497785568237,"y":0.9475037455558777,"z":-0.21417959034442902,"w":-0.23156803846359254},"size":15.373088836669922,"orthographic":false}